date,open,high,low,close,volume,sma5,sma20,sma60,ema12,ema26,rsi14,macd,macd_signal,macd_hist,bb_mid,bb_upper,bb_lower,stoch_k,stoch_d,atr14,roc12
2025-02-03,142.0,146.0,139.5,143.0,12039775,,,,143.0,143.0,,0.0,0.0,0.0,,,,,,6.5,
2025-02-04,143.5,151.0,142.0,148.5,14132503,,,,143.84615384615384,143.40740740740742,100.0,0.4387464387464206,0.08774928774928413,0.35099715099713646,,,,,,6.678571428571429,
2025-02-05,148.0,150.5,146.0,147.5,9278064,,,,144.40828402366864,143.71056241426612,98.62068965517241,0.6977216094025209,0.2097437520799315,0.4879778573225894,,,,,,6.5229591836734695,
2025-02-06,148.5,151.0,144.0,146.0,9799963,,,,144.6531634046427,143.88015038357975,96.47119875454074,0.7730130210629511,0.32239760587653543,0.4506154151864157,,,,,,6.5570335276967935,
2025-02-07,146.0,147.0,143.0,146.0,4174720,146.2,,,144.86036903469767,144.03717628109237,96.47119875454074,0.8231927536052979,0.42255663542228794,0.4006361181830099,,,,,,6.374388275718451,
2025-02-10,146.0,146.5,142.0,143.5,3796317,146.3,,,144.65108149089804,143.9973854454559,92.5712248403721,0.6536960454421319,0.46878451742625676,0.18491152801587513,,,,,,6.240503398881419,
2025-02-11,144.5,146.5,143.5,146.0,3766282,145.8,,,144.85860741537527,144.14572726431103,92.88115117551709,0.7128801510642404,0.5176036441538535,0.1952765069103869,,,,,,6.009038870389889,
2025-02-12,146.0,148.0,144.5,146.5,3661193,145.6,,,145.1111293514714,144.32011783732503,92.94454992169227,0.7910115141463621,0.5722852181523552,0.21872629599400684,,,,,,5.829821808219183,
2025-02-13,148.0,150.0,146.5,148.5,6278070,146.1,,,145.63249406662965,144.6297387382639,93.20521987902669,1.0027553283657369,0.6583792401950316,0.3443760881707053,,,,,,5.663405964774956,
2025-02-14,149.5,149.5,140.0,141.5,6964735,145.2,,,144.99672574868663,144.39790623913325,81.81224141380676,0.5988195095533797,0.6464672940667012,-0.04764778451332152,,,,,,5.937448395862459,
2025-02-17,140.5,143.0,140.5,141.5,3021887,144.8,,,144.45876794119638,144.18324651771596,81.81224141380676,0.2755214234804271,0.5722781199494464,-0.29675669646901937,,,,,,5.691916367586569,
2025-02-18,145.5,148.5,143.5,143.5,5409062,144.3,,,144.31126518101232,144.13263566455183,82.52024225381174,0.1786295164604894,0.49354839925165506,-0.31491888279116564,,,,,,5.7853509127589575,
2025-02-19,143.5,147.0,143.0,145.5,7368711,144.1,,,144.49414746085657,144.23392191162208,83.22354058342255,0.2602255492344909,0.44688382924822223,-0.1866582800137313,,,,,,5.657825847561889,1.7482517482517501
2025-02-20,146.5,149.0,146.0,147.0,4696450,143.8,,,144.8796632361094,144.43881658483525,83.75157401462225,0.4408466512741427,0.44567639365340633,-0.004829742379263646,,,,65.21739130434783,,5.503695429878897,-1.0101010101010055
2025-02-21,148.0,149.5,146.5,148.5,4561765,145.2,,,145.4366381228618,144.73964498595856,84.28427110054993,0.6969931369032452,0.4959397423033741,0.20105339459987104,,,,77.27272727272727,,5.324860042030405,0.6779661016949046
2025-02-24,148.0,149.5,147.0,147.5,2381967,146.4,,,145.7540784116523,144.94411572773942,82.34604170109108,0.809962683912886,0.5587443306252765,0.25121835328760944,,,,68.18181818181819,70.2239789196311,5.1230843247425195,1.0273972602739656
2025-02-25,146.5,148.0,144.0,144.0,2437285,146.5,,,145.48422019447503,144.87418122938834,75.77774104567257,0.6100389650866873,0.5690032575175586,0.041035707569128665,,,,36.36363636363637,60.6060606060606,5.04286401583234,-1.3698630136986356
2025-02-26,144.5,147.5,142.0,146.0,1688325,146.6,,,145.56357093378656,144.95757521239662,76.91108182416787,0.6059957213899452,0.576401750292036,0.029593971097909177,,,,60.0,54.84848484848485,5.07551658613003,1.7421602787456525
2025-02-27,146.0,149.0,145.5,147.0,4100214,146.6,,,145.78456002089632,145.1088659374043,77.47849315576431,0.6756940834920329,0.5962602169320353,0.07943386655999751,,,,70.0,55.45454545454546,4.962979687120742,0.6849315068493178
2025-03-03,147.0,150.0,144.0,144.0,4278064,145.7,145.575,,145.51001232537382,145.02672771981878,71.77946776462024,0.48328460555504194,0.5736650946566367,-0.0903804891015948,145.575,149.86772640637625,141.28227359362373,40.0,56.666666666666664,5.037052566612118,-1.7064846416382284
2025-03-04,143.0,149.0,142.0,146.5,3615760,145.5,145.75,,145.66231812147015,145.1358589998322,73.52700312378106,0.5264591216379415,0.5642239000528977,-0.03776477841495618,145.75,149.89125584816972,141.60874415183028,65.0,58.333333333333336,5.177263097568396,-1.3468013468013518
2025-03-05,148.5,148.5,146.0,146.5,2710414,146.0,145.65,,145.7911922566286,145.23690648132612,73.52700312378106,0.5542857753024748,0.5622362751028132,-0.007950499800338351,145.65,149.6135842365213,141.68641576347872,65.0,56.666666666666664,4.986030019170654,3.5335689045936425
2025-03-06,148.0,149.0,145.5,148.5,3427275,146.5,145.7,,146.20793190945497,145.478617112339,74.96534378301615,0.7293147971159613,0.5956519795054428,0.13366281761051846,145.7,149.77921561087422,141.62078438912576,85.0,71.66666666666667,4.879885017801322,4.946996466431086
2025-03-07,148.0,153.5,146.5,149.0,9320363,146.9,145.85,,146.6374808464619,145.73946028920278,75.32626977022686,0.898020557259116,0.6561256950561775,0.24189486220293854,145.85,150.17550575077644,141.52449424922355,65.38461538461539,71.7948717948718,5.031321802244085,3.832752613240409
2025-03-10,150.0,151.5,143.5,143.5,4039353,146.8,145.725,,146.15479148546777,145.57357434185442,64.33817001169103,0.581217143613344,0.6411439847676108,-0.05992684115426683,145.725,150.16881592778097,141.28118407221902,13.043478260869565,54.47603121516165,5.243370244940936,-1.3745704467353903
2025-03-11,138.5,141.5,137.0,139.5,4393500,145.4,145.525,,145.13097741078042,145.1236799461615,57.741208002496656,0.007297464618915228,0.5143746807378717,-0.5070772161189565,145.525,150.65798158968062,140.3920184103194,15.151515151515152,31.193202932333367,5.333129513159441,-5.102040816326525
2025-03-12,141.0,144.0,140.0,142.0,2157751,144.5,145.325,,144.64928857835267,144.89229624644582,60.46939092260952,-0.24300766809315633,0.36289821097166614,-0.6059058790648224,145.325,150.67546726931394,139.97453273068604,30.303030303030305,19.499341238471676,5.273620262219481,-4.377104377104379
2025-03-13,145.0,147.5,143.0,143.5,2895607,143.5,145.175,,144.4724749509138,144.78916319115353,62.05237638187503,-0.31668824023972775,0.2269809207293874,-0.5436691609691151,145.175,150.55342913869842,139.7965708613016,39.39393939393939,28.28282828282828,5.289790243489518,-2.7118644067796627
2025-03-14,144.0,146.5,143.0,143.5,2098686,142.4,144.925,,144.32286342000398,144.69366962143846,62.05237638187503,-0.3708062014344762,0.10742349629661468,-0.47822969773109086,144.925,150.12379793798527,139.72620206201475,39.39393939393939,36.36363636363637,5.161948083240267,-0.347222222222221
2025-03-17,145.0,147.5,143.5,145.5,1952115,142.8,145.125,,144.503961355388,144.7533977976282,64.26518119495238,-0.24943644224021,0.03605150858924975,-0.28548795082945977,145.125,150.08357842531507,140.16642157468493,51.515151515151516,43.434343434343425,5.078951791580248,-0.3424657534246589
2025-03-18,148.5,149.0,146.0,148.0,3275736,144.5,145.45,,145.04181345455908,144.99388684965572,66.86609434642168,0.047926604903352654,0.03842652785207033,0.009500077051282321,145.45,150.26559965113378,140.6344003488662,66.66666666666667,52.52525252525253,4.966169520753088,0.6802721088435382
2025-03-19,148.0,151.0,146.0,146.0,3029790,145.3,145.575,,145.18922676924228,145.0684137496812,62.92059686585225,0.12081301956106927,0.054903826193870124,0.06590919336719914,145.575,150.31076815310885,140.83923184689112,54.54545454545455,57.575757575757585,4.968585983556439,1.388888888888884
2025-03-20,148.0,152.0,147.5,151.5,6114066,146.9,145.875,,146.16011495858962,145.54482754600113,68.4363023158395,0.6152874125884864,0.1669805434727934,0.448306869115693,145.875,151.26828285926115,140.48171714073885,87.87878787878788,69.6969696969697,5.042258413302408,3.412969283276457
2025-03-21,152.0,163.5,151.0,155.0,18605750,149.2,146.275,,147.52009727265275,146.2452106907418,71.35633037914064,1.2748865819109483,0.3885617511604244,0.8863248307505238,146.275,152.9718276071585,139.5781723928415,67.9245283018868,70.11625690870973,5.574954240923664,5.802047781569963
2025-03-24,157.0,160.5,152.0,153.5,14237949,150.8,146.525,,148.44008230762924,146.78260249142758,68.43432483752298,1.6574798162016577,0.6423453641686712,1.0151344520329866,146.525,153.87670048356162,139.1732995164384,62.264150943396224,72.68915570802362,5.783886080857688,3.367003367003374
2025-03-25,154.5,155.5,151.5,153.5,5190645,151.9,146.825,,149.2185311833786,147.28018749206257,68.43432483752298,1.938343691316021,0.9015450295981412,1.0367986617178797,146.825,154.7765721715897,138.87342782841029,62.264150943396224,64.15094339622642,5.656465646510711,3.0201342281879207
2025-03-26,153.0,155.0,151.0,153.0,4446189,153.3,147.275,,149.80029561670497,147.70387730746535,67.36785310903869,2.096418309239624,1.140519685526438,0.9558986237131861,147.275,155.54830042969553,139.00169957030448,60.37735849056604,61.63522012578616,5.538146671759946,6.6202090592334395
2025-03-27,151.0,155.5,150.0,153.0,5199216,153.6,147.625,,150.29255782951958,148.09618269209756,67.36785310903869,2.1963751374220237,1.3516907759055552,0.8446843615164685,147.625,156.2382165884761,139.0117834115239,60.37735849056604,61.0062893081761,5.535421909491379,9.677419354838701
2025-03-28,152.0,152.5,144.5,146.5,5633485,151.9,147.6,,149.70908739420886,147.97794693712737,54.55077564122739,1.7311404570814943,1.4275807121407431,0.3035597449407512,147.6,156.22322445492404,138.97677554507595,35.84905660377358,52.20125786163522,5.747177487384851,3.169014084507049
2025-03-31,141.0,144.5,138.5,139.5,5180287,149.1,147.375,,148.1384585643306,147.34995086771053,44.68990800493094,0.7885076966200586,1.2997661090366064,-0.5112584124165478,147.375,156.57758115965296,138.17241884034704,4.0,33.40880503144654,5.908093381143076,-2.7874564459930307
2025-04-01,141.5,142.5,138.5,140.0,4098964,146.4,147.05,,146.88638801597205,146.80551006269494,45.448447092529534,0.08087795327710978,1.055988477884707,-0.9751105246075973,147.05,156.79628134213252,137.3037186578675,6.0,15.283018867924527,5.771800996775714,-2.4390243902439046
2025-04-02,141.0,141.5,137.5,138.5,3043539,143.5,146.65,,145.59617447505326,146.1902870950879,43.520167179469134,-0.5941126200346503,0.7259682583008357,-1.320080878335486,146.65,157.0859954005356,136.2140045994644,3.8461538461538463,4.615384615384616,5.645243782720306,-4.810996563573888
2025-04-07,125.0,125.0,125.0,125.0,373393,137.9,145.475,,142.427532248122,144.62063619915548,30.838601062966404,-2.1931039510334926,0.14215381643397004,-2.335257767467463,145.475,159.49097303079597,131.45902696920402,0.0,3.2820512820512824,6.206297798240285,-15.540540540540537
2025-04-08,112.5,112.5,112.5,112.5,1944910,131.1,143.65,,137.8232965176417,142.24132981403287,23.895426929179564,-4.418033296391172,-0.7698836061310586,-3.648149690260114,143.65,163.6026940536861,123.69730594631392,0.0,1.2820512820512822,6.655847955508836,-22.945205479452056
2025-04-09,101.5,107.0,101.5,101.5,4006893,123.5,141.55,,132.23509705338913,139.22345353151192,19.693458888927452,-6.988356478122796,-2.0135781805294064,-4.97477829759339,141.55,168.6754493050346,114.42455069496545,0.0,0.0,6.966144530115348,-33.003300330033
2025-04-10,111.5,111.5,111.5,111.5,879736,117.8,140.15,,129.04508212209848,137.16986438102956,31.48836019252188,-8.124782258931077,-3.235818996209741,-4.888963262721337,140.15,170.27822596835068,110.02177403164933,16.129032258064516,5.376344086021505,7.182848492249966,-28.064516129032256
2025-04-11,109.0,119.0,104.5,119.0,10196919,113.9,139.0,,127.49968487254486,135.8239485009533,38.75389835036297,-8.324263628408431,-4.253507922649479,-4.070755705758952,139.0,170.48332892182782,107.51667107817218,28.225806451612904,14.784946236559142,7.7055021713749685,-22.475570032573287
2025-04-14,124.0,127.5,118.0,118.5,9221105,112.6,137.75,,126.11511796907642,134.54069305643824,38.461066593043626,-8.425575087361821,-5.0879213555919485,-3.3376537317698727,137.75,170.38357167090356,105.11642832909644,28.8135593220339,24.38946601057044,7.833680587705328,-22.80130293159609
2025-04-15,121.5,130.0,121.0,130.0,5448003,116.1,137.075,,126.71279212768005,134.204345422628,48.16294105129763,-7.491553294947948,-5.568647743463149,-1.9229055514847992,137.075,169.763338899369,104.38666110063099,52.77777777777778,36.60571451714153,8.095560545726377,-15.032679738562093
2025-04-16,126.0,127.0,121.0,121.5,7177253,120.1,135.875,,125.91082410803696,133.26328279872962,42.79283883109913,-7.352458690692657,-5.9254099329090515,-1.4270487577836057,135.875,168.99731121162893,102.75268878837107,37.03703703703704,39.54279137894957,8.16016336388878,-20.588235294117652
2025-04-17,121.0,121.5,117.5,119.0,5701204,121.6,134.425,,124.8476203991082,132.20674333215706,41.333106046305765,-7.359122933048866,-6.212152532937015,-1.1469704001118508,134.425,167.8349910206513,101.01500897934872,32.407407407407405,40.74074074074074,7.863008837896724,-18.77133105802048
2025-04-18,120.5,122.0,118.0,118.5,3351347,121.5,133.05,,123.87106341463002,131.19142901125653,41.031641782286236,-7.320365596626516,-6.433795145674916,-0.8865704509516004,133.05,166.70397450524976,99.39602549475026,33.333333333333336,34.25925925925926,7.5870796351898155,-15.053763440860212
2025-04-21,118.5,120.5,116.0,116.0,3527171,121.0,131.275,,122.66013058161002,130.06613797338568,39.481105999147815,-7.40600739177566,-6.628237594895065,-0.7777697968805946,131.275,164.59237534680665,97.95762465319336,33.72093023255814,33.15389032443296,7.366573946961972,-17.14285714285714
2025-04-22,115.5,119.5,113.5,116.5,3905175,118.3,129.35,,121.71241818443924,129.061238864246,39.9696999567903,-7.348820679806764,-6.772354211877405,-0.5764664679293583,129.35,161.38607341732126,97.31392658267872,36.58536585365854,34.54654313985001,7.268961522178974,-15.884476534296033
2025-04-23,119.5,122.5,118.5,118.5,4074705,117.7,127.6,,121.21820000221783,128.27892487430185,41.98725413560573,-7.060724872084023,-6.8300283439187295,-0.23069652816529373,127.6,157.94732278142504,97.25267721857496,42.5,37.60209869540556,7.178321413451904,-5.200000000000005
2025-04-24,120.0,122.5,119.5,120.5,4469867,118.0,125.95,,121.10770769418431,127.70270821694616,44.01363757034861,-6.5950005227618504,-6.783022779687355,0.18802225692550412,125.95,153.98551319309135,97.91448680690866,66.66666666666667,48.5840108401084,6.951298455348197,7.1111111111111125
2025-04-25,123.5,124.5,120.5,121.5,2619050,118.6,124.375,,121.1680603566175,127.24324834902423,45.047214024755974,-6.075187992406725,-6.641455822231229,0.5662678298245041,124.375,149.54815037892553,99.20184962107446,70.17543859649123,59.78070175438597,6.740491422823326,19.704433497536943
2025-04-28,123.0,125.0,122.5,124.0,2545273,120.2,122.925,,121.60374337867634,127.00300773057799,47.649219516702075,-5.39926435190165,-6.393017528165314,0.993753176263664,122.925,144.4058635766814,101.44413642331857,78.94736842105263,71.9298245614035,6.509027749764518,11.210762331838575
2025-04-29,123.5,128.0,123.0,127.0,2948265,122.3,121.95,,122.43393670503383,127.00278493572036,50.667879561175525,-4.568848230686527,-6.0281836686695565,1.4593354379830297,121.95,140.65267360566395,103.24732639433606,88.23529411764706,79.11936704506364,6.401240053352766,6.72268907563025
2025-04-30,127.0,128.0,125.0,126.0,2770544,123.8,121.275,138.075,122.98256182733631,126.92850457011144,49.640361626740585,-3.945942742775131,-5.611735483490672,1.665792740715541,121.275,138.29403346256768,104.25596653743233,84.31372549019608,83.83212934296525,6.15829433525614,6.329113924050622
2025-05-02,128.5,130.0,127.0,127.5,2751390,125.2,120.65,137.81666666666666,123.67755231543842,126.970837564918,51.2377708040256,-3.293285249479581,-5.148045436688454,1.854760187208873,120.65,135.67364802569597,105.62635197430404,84.84848484848484,85.79916815210932,6.0041304541664156,-1.9230769230769273
2025-05-05,128.5,128.5,120.5,122.0,3263642,125.3,119.825,137.375,123.41946734383251,126.60262737492407,45.534426885048376,-3.1831600310915604,-4.755068355569076,1.5719083244775156,119.825,132.45937770529275,107.19062229470727,51.515151515151516,73.55912061794415,6.1466925645831,0.4115226337448652
2025-05-06,121.5,126.5,119.0,125.5,3322212,125.6,119.85,137.00833333333333,123.7395492909352,126.52095127307784,49.39476065236815,-2.78140198214264,-4.360335080883789,1.5789330987411487,119.85,132.52714478894984,107.17285521105015,72.72727272727273,69.6969696969697,6.243357381398593,5.462184873949583
2025-05-07,127.0,127.5,124.0,125.0,1961379,125.2,120.475,136.65833333333333,123.93346478463748,126.40828821581282,48.86196539176914,-2.474823431175338,-3.983232750942099,1.508409319766761,120.475,132.87046287961843,108.07953712038157,69.6969696969697,64.64646464646465,6.047403282727266,5.485232067510548
2025-05-08,126.0,130.0,126.0,128.5,2711301,125.7,121.825,136.36666666666667,124.63600866392402,126.56322982945632,52.707481487989185,-1.927221165532302,-3.5720304338601396,1.6448092683278377,121.825,131.16456637109016,112.48543362890983,90.9090909090909,77.77777777777779,5.972588762532461,10.775862068965525
2025-05-09,127.5,129.5,127.0,128.5,2195858,125.9,122.675,136.11666666666667,125.23046886947417,126.70669428653363,52.707481487989185,-1.4762254170594673,-3.1528694305000053,1.676644013440538,122.675,131.1560081947843,114.19399180521569,90.9090909090909,83.83838383838383,5.724546708065857,10.300429184549365
2025-05-12,129.0,130.0,127.0,127.5,1832667,127.0,123.1,135.80833333333334,125.57962750493968,126.76545767271632,51.426050865320086,-1.1858301677766434,-2.7594615779553333,1.57363141017869,123.1,131.65336191213714,114.54663808786285,84.84848484848484,88.8888888888889,5.529936228918296,7.594936708860756
2025-05-13,129.5,130.5,125.5,127.0,3341821,127.3,123.525,135.48333333333332,125.79814635033358,126.78283117844104,50.76152455855274,-0.9846848281074614,-2.404506227985759,1.4198213998782978,123.525,131.9658234195485,115.0841765804515,70.83333333333333,82.19696969696969,5.492083641138418,5.394190871369298
2025-05-14,128.0,131.0,127.5,130.5,2879029,128.4,123.55,135.18333333333334,126.52150845028225,127.05817701707504,55.132181145880324,-0.536668566792784,-2.0309386957471642,1.4942701289543803,123.55,132.06997652578917,115.03002347421082,95.83333333333333,83.83838383838383,5.38550623819996,7.407407407407418
2025-05-15,131.0,131.0,129.0,130.0,1500934,128.7,123.975,134.99166666666667,127.05666099639268,127.27608983062504,54.3894301567424,-0.21942883423236026,-1.6686367234442034,1.4492078892118432,123.975,132.88272136968814,115.06727863031186,91.66666666666667,86.1111111111111,5.14368436404282,4.8387096774193505
2025-05-16,130.5,131.0,127.5,128.0,2566200,128.6,124.425,134.76666666666668,127.20179007387073,127.3297128061343,51.406125465996084,-0.12792273226357054,-1.360493925208077,1.2325711929445065,124.425,133.19012977656342,115.65987022343657,75.0,87.5,5.026278338039762,0.7874015748031482
2025-05-19,128.0,129.5,122.5,123.0,4823345,127.7,124.65,134.425,126.55536083173676,127.00899333901323,44.7915246530336,-0.45363250727646687,-1.179121641621755,0.7254891343452881,124.65,133.01719785830352,116.2828021416965,33.333333333333336,66.66666666666667,5.167258456751208,-2.3809523809523836
2025-05-20,125.0,126.5,123.0,123.5,2673121,127.0,125.025,134.05833333333334,126.08530531916188,126.74906790649374,45.54609970660988,-0.6637625873318598,-1.076049830763776,0.41228724343191625,125.025,132.4241553572012,117.62584464279882,37.5,48.611111111111114,5.048168566983264,-3.1372549019607843
2025-05-21,124.5,126.0,124.5,125.5,1683011,126.0,125.475,133.7,125.99525834698312,126.65654435786458,48.57388503752384,-0.6612860108814544,-0.9930970667873118,0.33181105590585735,125.475,131.75572448050374,119.19427551949626,54.166666666666664,41.666666666666664,4.86615652648446,2.868852459016402
2025-05-22,124.0,124.5,123.0,123.0,1233164,124.6,125.7,133.275,125.53444937052417,126.38568922024498,45.19132248998728,-0.8512398497208125,-0.964725623374012,0.11348577365319956,125.7,131.24436651025155,120.15563348974844,33.333333333333336,41.666666666666664,4.697145346021284,-1.9920318725099584
2025-05-23,123.5,124.0,122.0,122.5,1332486,123.5,125.8,132.85833333333332,125.06761100582814,126.09786038911572,44.523521314385334,-1.0302493832875825,-0.9778303753567261,-0.05241900793085641,125.8,131.02876658496047,120.57123341503954,29.166666666666668,38.888888888888886,4.5044921070197645,-2.0000000000000018
2025-05-26,123.0,123.5,121.0,122.0,2219709,123.3,125.825,132.49166666666667,124.59567085108534,125.79431517510716,43.826077203901505,-1.1986443240218136,-1.0219931650897436,-0.17665115893207006,125.825,130.97548541401673,120.67451458598327,10.0,24.166666666666668,4.3613140993754955,-5.058365758754868
2025-05-27,123.0,124.5,119.0,119.5,2072216,122.5,125.6,132.05,123.8117214893799,125.3280696065807,40.416986739277135,-1.516348117200792,-1.1208641555119534,-0.3954839616888386,125.6,131.40172388174403,119.79827611825597,4.166666666666667,14.444444444444445,4.442648806562961,-7.003891050583655
2025-05-28,121.5,122.5,119.0,120.5,1939360,121.5,125.275,131.60833333333332,123.30222587562915,124.97043482090805,42.34877335781357,-1.6682089452789057,-1.230333113465344,-0.4378758318135618,125.275,131.44326555848554,119.10673444151446,12.5,8.88888888888889,4.37531674895132,-5.490196078431375
2025-05-29,122.0,123.5,121.0,123.0,1803894,121.5,125.125,131.25833333333333,123.25572958707082,124.82447668602597,46.977108411751466,-1.568747098955157,-1.2980159105633067,-0.2707311883918504,125.125,131.36098428477806,118.88901571522194,33.333333333333336,16.666666666666668,4.27707983831194,-3.149606299212604
2025-06-02,120.0,121.0,116.5,117.5,2579135,120.5,124.625,130.775,122.37023272752145,124.28192285743145,39.46973797086722,-1.9116901299099993,-1.4207507544326452,-0.4909393754773541,124.625,131.58111242002303,117.66888757997697,6.896551724137931,17.576628352490424,4.435859849861088,-9.961685823754785
2025-06-03,118.5,119.0,115.5,115.5,3206157,119.2,124.3,130.25833333333333,121.31327384636431,123.63141005317728,37.14510121372392,-2.318136206812966,-1.6002278449087095,-0.7179083619042563,124.3,132.25235814082833,116.34764185917166,0.0,13.409961685823754,4.369012717728153,-11.153846153846159
2025-06-04,117.5,119.5,116.0,117.5,2734612,118.8,123.9,129.74166666666667,120.72661633153903,123.1772315307197,40.894027556582714,-2.4506151991806604,-1.7703053157630997,-0.6803098834175607,123.9,132.35931439302257,115.44068560697745,12.903225806451612,6.59992584352985,4.342654666461857,-8.203125
2025-06-05,118.0,120.5,117.0,119.5,2507593,118.6,123.625,129.25,120.53790612668688,122.90484400992564,44.461391775476784,-2.366937883238762,-1.8896318292582324,-0.47730605398052983,123.625,132.278756409791,114.97124359020901,25.806451612903224,12.903225806451616,4.282465047428867,-2.8455284552845517
2025-06-06,120.0,123.0,117.5,122.5,3630993,118.5,123.325,128.9,120.8397667225812,122.87485556474596,49.39521527445842,-2.035088842164754,-1.9187232318395369,-0.11636561032521708,123.325,131.69324354330098,114.95675645669903,50.0,29.569892473118284,4.369431829755377,-0.8097165991902799
2025-06-09,120.5,123.0,120.0,122.0,2230800,119.4,123.0,128.60833333333332,121.0182641498764,122.81005144883885,48.619974201657506,-1.791787298962447,-1.893336045264119,0.10154874630167199,123.0,131.03741251896395,114.96258748103605,59.09090909090909,44.965786901270775,4.2716152704871355,-2.7888446215139417
2025-06-10,122.0,124.5,122.0,124.5,2141960,121.2,122.85,128.31666666666666,121.55391581912619,122.93523282299893,52.62372884012278,-1.3813170038727378,-1.790932236985843,0.4096152331131051,122.85,130.65448588953802,115.04551411046195,85.71428571428571,64.93506493506494,4.145071322595197,1.2195121951219523
2025-06-11,124.5,126.0,124.0,125.5,1788964,122.8,122.775,128.01666666666668,122.16100569310677,123.12521557685086,54.16237898156515,-0.9642098837440898,-1.6255877663374925,0.6613778825934027,122.775,130.44621242047165,115.10378757952837,95.23809523809524,80.01443001443002,3.991851942409826,2.448979591836742
2025-06-12,124.5,126.5,124.0,125.0,1449908,123.9,122.5,127.70833333333333,122.59777404801342,123.26408849708413,53.23148067633227,-0.6663144490707111,-1.4337331028841362,0.7674186538134251,122.5,129.399275324264,115.60072467573599,86.36363636363636,89.10533910533911,3.8852910893805532,2.4590163934426146
2025-06-13,124.0,125.0,121.0,121.5,1851202,123.7,122.075,127.30833333333334,122.42888573293443,123.1334152750779,47.12565213718976,-0.7045295421434616,-1.2878923907360014,0.5833628485925397,122.075,128.06060773856743,116.08939226143258,54.54545454545455,78.71572871572872,3.893484582996228,1.673640167364021
2025-06-16,121.0,123.0,120.5,121.5,949386,123.6,121.75,126.86666666666666,122.2859802355599,123.01242155099806,47.12565213718976,-0.7264413154381515,-1.1756021756764314,0.44916086023827995,121.75,127.08385414123765,116.41614585876235,54.54545454545455,65.15151515151517,3.793949969925069,0.8298755186721962
2025-06-17,122.0,124.0,120.0,122.0,1295546,123.1,121.7,126.46666666666667,122.24198327624299,122.93742736203524,48.111741958060016,-0.6954440857922464,-1.0795705576995944,0.38412647190734805,121.7,127.00471488394976,116.39528511605025,59.09090909090909,56.06060606060606,3.8086678292161356,-0.8130081300813052
2025-06-18,120.0,121.0,118.0,119.5,4053074,121.9,121.5,125.93333333333334,121.82013969528253,122.68280311299559,43.72119925570578,-0.8626634177130512,-1.0361891297022858,0.1735257119892346,121.5,126.81977443130798,116.18022556869202,36.36363636363637,50.00000000000001,3.8223344128435546,1.7021276595744705
2025-06-19,119.0,119.5,116.5,117.0,3582003,120.3,121.075,125.3,121.07857974216215,122.26185473425517,39.80890067536146,-1.1832749920930183,-1.0656063021804323,-0.11766868991258606,121.075,126.40674455502118,115.74325544497883,13.636363636363637,36.36363636363637,3.7635962404975865,1.298701298701288
2025-06-20,117.0,118.5,117.0,118.0,3042794,119.6,120.825,124.70833333333333,120.60495208952182,121.946161790977,42.042940664054676,-1.3412097014551847,-1.120726982035383,-0.2204827194198018,120.825,126.24048705104148,115.40951294895852,22.727272727272727,24.24242424242425,3.601910794747759,0.42553191489360653
2025-06-23,117.0,117.5,114.0,117.5,1880558,118.8,120.575,124.10833333333333,120.1272671526723,121.61681647312685,41.21915832964428,-1.4895493204545431,-1.194491449719215,-0.2950578707353282,120.575,126.11823912527666,115.03176087472335,28.0,21.454545454545457,3.630345737980062,-1.673640167364021
2025-06-24,119.0,120.0,118.0,120.0,2368310,118.4,120.475,123.55833333333334,120.10768759072272,121.49705228993227,46.828980154588116,-1.3893646992095512,-1.2334660996172822,-0.15589859959226904,120.475,125.98385650566411,114.96614349433588,48.0,32.909090909090914,3.549606756695772,-2.0408163265306145
2025-06-25,121.0,121.5,119.0,121.0,2048827,118.7,120.55,123.025,120.24496642291922,121.46023360178914,48.92857695005436,-1.2152671788699223,-1.2298263154678102,0.014559136597887878,120.55,126.04454274712627,115.05545725287372,56.0,44.0,3.474634845503217,-0.8196721311475419
2025-06-26,121.0,123.0,120.5,123.0,2795822,119.9,120.675,122.63333333333334,120.66881774247011,121.57429037202698,52.93174385933412,-0.9054726295568685,-1.1649555782856218,0.2594829487287533,120.675,126.27209746207782,115.07790253792217,72.0,58.666666666666664,3.405018070824416,-1.2048192771084376
2025-06-27,123.0,124.5,122.0,122.5,2643943,120.8,120.65,122.35,120.9505380897824,121.64286145558054,51.83779517006185,-0.6923233657981456,-1.0704291357881266,0.378105769989981,120.65,126.20967624956688,115.09032375043313,68.0,65.33333333333333,3.3403739229083866,-2.39043824701195
2025-06-30,122.5,122.5,119.5,121.5,3264327,121.6,120.85,122.04166666666667,121.03507069135433,121.63227912553754,49.62863229752729,-0.5972084341832016,-0.9757849954671416,0.37857656128394,120.85,126.22680202350783,115.47319797649216,60.0,66.66666666666667,3.316061499843502,-2.8000000000000025
2025-07-01,123.0,123.0,119.0,119.0,5819880,121.4,121.025,121.71666666666667,120.72198289268444,121.43729548660883,44.520459873242515,-0.715312593924395,-0.9236905151585924,0.2083779212341974,121.025,125.89814067106606,116.15185932893395,40.0,56.0,3.3649142498546807,-2.0576131687242816
2025-07-02,113.0,116.0,111.0,113.0,16292957,119.8,120.8,121.51666666666667,119.53398552457914,120.81231063574891,35.16543135710873,-1.278325111169778,-0.9946174343608295,-0.2837076768089485,120.8,126.62580466545162,114.97419533454837,14.285714285714286,38.0952380952381,3.695991803436489,-6.995884773662553
2025-07-03,116.0,121.5,116.0,118.5,7034711,118.9,120.75,121.61666666666666,119.37491082849004,120.64102836643418,46.30387564654941,-1.2661175379441403,-1.0489174550774918,-0.2172000828666485,120.75,126.6364250611044,114.8635749388956,55.55555555555556,36.613756613756614,4.039135246048168,-2.868852459016391
2025-07-04,120.0,120.5,115.5,116.0,6154447,117.6,120.425,121.85833333333333,118.85569377795312,120.29724848743906,42.71193493136983,-1.441554709485942,-1.127444905959182,-0.31410980352676,120.425,126.59974695837796,114.25025304162203,37.03703703703704,35.62610229276896,4.1077684427590135,-2.9288702928870314
2025-07-07,117.0,118.5,115.0,118.0,2460276,116.9,120.225,121.96666666666667,118.72404858134495,120.12708193281395,46.30077809944278,-1.4030333514690057,-1.182562595061147,-0.22047075640785874,120.225,126.44171134925837,114.00828865074162,51.851851851851855,48.14814814814815,4.06435641113337,0.8547008547008517
2025-07-08,117.0,118.5,116.0,118.5,2038566,116.8,119.925,121.95833333333333,118.68957956883034,120.0065573451981,47.19145304536253,-1.3169777763677644,-1.2094456313224704,-0.10753214504529396,119.925,125.86027589923145,113.98972410076854,55.55555555555556,48.14814814814815,3.952616667480987,0.4237288135593209
2025-07-09,117.0,119.0,117.0,118.5,2036383,117.9,119.575,121.95833333333333,118.66041348131799,119.89496050481306,47.19145304536253,-1.2345470234950682,-1.21446590975699,-0.020081113738078082,119.575,124.9534291386982,114.19657086130181,55.55555555555556,54.320987654320994,3.8131440483752024,0.8510638297872353
2025-07-10,118.5,119.0,115.5,116.0,2240297,117.4,119.125,121.725,118.25111909957675,119.60644491186395,43.05077391534612,-1.355325812287191,-1.2426378902630304,-0.11268792202416056,119.125,124.10370465081006,114.14629534918994,37.03703703703704,49.382716049382715,3.7907766163484022,-3.3333333333333326
2025-07-11,116.5,116.5,115.0,116.5,1296324,117.5,118.875,121.64166666666667,117.98171616118033,119.37633788135551,44.10705594825152,-1.3946217201751807,-1.2730346562454604,-0.1215870639297203,118.875,123.85370465081006,113.89629534918994,40.74074074074074,44.44444444444445,3.6271497151806593,-3.7190082644628086
2025-07-14,117.0,117.0,114.0,114.0,1454325,116.7,118.5,121.55833333333334,117.36914444407566,118.97809063088474,40.101964792161596,-1.608946186809078,-1.340216962358184,-0.26872922445089387,118.5,123.75357021462526,113.24642978537474,22.22222222222222,33.333333333333336,3.5823533069534697,-7.317073170731703
2025-07-15,114.5,115.5,114.0,115.0,1242287,116.0,118.15,121.5,117.00466068344863,118.6834172508192,42.35671148387279,-1.67875656737057,-1.4079248833606615,-0.27083168400990854,118.15,123.3567264187777,112.94327358122231,29.62962962962963,30.864197530864203,3.433613785028222,-6.122448979591832
2025-07-16,115.0,117.0,114.5,115.0,2017882,115.3,117.925,121.48333333333333,116.69625134753346,118.4105715285363,42.35671148387279,-1.714320181002833,-1.4692039428890957,-0.24511623811373728,117.925,123.26611411598718,112.58388588401282,29.62962962962963,27.160493827160497,3.366927086097635,-5.349794238683126
2025-07-17,116.0,117.0,114.5,117.0,1263267,115.5,117.925,121.49166666666666,116.74298190945139,118.30608474864472,46.98561640333023,-1.5631028391933341,-1.4879837221499435,-0.07511911704339069,117.925,123.26611411598718,112.58388588401282,50.0,36.41975308641975,3.3050037228049467,-1.6806722689075682
2025-07-18,118.0,118.0,116.0,116.5,1358089,115.5,117.85,121.45833333333333,116.7056000772281,118.17230069318956,45.991288156700755,-1.4667006159614573,-1.4837271009122464,0.017026484950789067,117.85,123.22680202350779,112.4731979764922,45.833333333333336,41.820987654320994,3.2117891711760223,3.0973451327433565
2025-07-21,117.0,119.5,116.5,118.0,2688329,116.3,117.875,121.41666666666667,116.90473852688531,118.15953767887922,49.44759735967774,-1.2547991519939075,-1.4379415111285787,0.18314235913467125,117.875,123.24970929446398,112.50029070553602,66.66666666666667,54.166666666666664,3.196661373234878,-0.42194092827003704
2025-07-22,117.0,118.5,114.0,114.0,3158125,116.1,117.575,121.29166666666667,116.45785567659526,117.85142377674002,41.77087614826294,-1.393568100144762,-1.4290668289318154,0.0354987287870534,117.575,123.10921177766062,112.04078822233939,0.0,37.50000000000001,3.289756989432387,-1.7241379310344862
2025-07-23,115.5,117.5,115.0,117.5,1284273,116.6,117.4,121.18333333333334,116.61818557250368,117.82539238587039,49.20223025887998,-1.2072068133667102,-1.3846948258187943,0.17748801245208412,117.4,122.7065996645684,112.09340033543161,53.84615384615385,40.17094017094018,3.3047743473300737,-0.4237288135593209
2025-07-24,117.5,118.0,116.5,117.0,1422666,116.6,117.1,121.01666666666667,116.67692625365696,117.76425220913924,48.2547837114624,-1.0873259554822852,-1.3252210517514926,0.23789509626920746,117.1,121.74327470649726,112.45672529350273,54.54545454545455,36.130536130536136,3.1758618939493544,-1.2658227848101222
2025-07-25,117.0,119.5,117.0,118.0,1547824,116.9,116.875,120.88333333333334,116.88047606078666,117.78171500846226,50.315442263406865,-0.9012389476755942,-1.240424630936313,0.33918568326071874,116.875,120.83574487943837,112.91425512056163,72.72727272727273,60.372960372960385,3.1275860443815433,-0.42194092827003704
2025-07-28,119.0,120.0,117.5,119.0,1170977,117.1,116.75,120.74166666666666,117.20655666681948,117.87195834116876,52.358614125870936,-0.6654016743492832,-1.1254200396189071,0.4600183652696239,116.75,120.2499999999996,113.2500000000004,83.33333333333333,70.20202020202021,3.0827584697828616,2.586206896551735
2025-07-29,119.0,120.0,117.0,117.0,1268396,117.7,116.65,120.65833333333333,117.17477871807802,117.80736883441553,48.098423866779264,-0.6325901163375107,-1.026854054962628,0.3942639386251172,116.65,119.99813380855623,113.30186619144378,50.0,68.68686868686869,3.0768471505126573,0.42918454935623185
2025-07-30,118.5,122.0,118.5,119.0,2526642,118.0,116.95,120.55,117.45558199221986,117.89571188371808,52.27987573052431,-0.44012989149821635,-0.9095092222697456,0.46937933077152927,116.95,119.99795013082519,113.90204986917482,62.5,65.27777777777779,3.2142152111903246,4.385964912280693
2025-07-31,119.0,120.0,118.0,118.0,1215873,118.2,116.925,120.43333333333334,117.53933860880142,117.9034369293686,50.10620981517488,-0.36409832056718017,-0.8004270419292325,0.43632872136205236,116.925,119.92957983751425,113.92042016248574,50.0,54.16666666666668,3.1274855532481585,2.60869565217392
2025-08-01,116.5,127.5,116.0,126.0,7477622,119.8,117.425,120.39166666666667,118.84097882283197,118.50318234200796,63.26493310037405,0.3377964808240108,-0.5727823373785839,0.9105788182025947,117.425,122.3572915566699,112.49270844333009,88.88888888888889,67.12962962962963,3.7255222994447186,9.565217391304337
2025-08-04,124.5,126.0,122.0,124.0,3605597,120.8,117.725,120.31666666666666,119.63467438855012,118.91035402037774,59.070596264240336,0.7243203681723855,-0.31336179626839,1.0376821644407754,117.725,123.43004162999686,112.01995837000312,74.07407407407408,70.98765432098766,3.7451278494843816,5.982905982905984
2025-08-05,125.0,126.5,124.5,125.0,5033841,122.4,118.05,120.275,120.46010909800395,119.36143890775716,60.481368286571566,1.0986701902467928,-0.030955398965353452,1.1296255892121463,118.05,124.57610143960369,111.5238985603963,81.48148148148148,81.48148148148148,3.656190145949783,7.296137339055786
2025-08-06,123.5,124.0,122.0,122.5,2706794,123.1,118.25,120.2,120.77393846754181,119.59392491458996,55.345342538556935,1.1800135529518485,0.21123839141808695,0.9687751615337615,118.25,125.05808343074594,111.44191656925406,62.96296296296296,72.8395061728395,3.6093194212390842,3.813559322033888
2025-08-07,120.5,122.0,116.5,118.5,9877025,123.2,118.375,120.0,120.42410178022769,119.51289343943515,48.28079058289644,0.9112083407925411,0.3512323812929778,0.5599759594995632,118.375,125.10459879933398,111.64540120066602,33.333333333333336,59.25925925925927,3.780082319722007,3.9473684210526327
2025-08-08,119.5,120.5,118.5,118.5,2615486,121.7,118.475,119.80833333333334,120.12808612173112,119.43786429577328,48.28079058289644,0.6902218259578348,0.4190302702259492,0.2711915557318856,118.475,125.1493913580189,111.80060864198109,33.333333333333336,43.209876543209894,3.6529335825990064,0.8510638297872353
2025-08-11,118.5,119.5,117.0,119.0,1993281,120.7,118.725,119.65833333333333,119.95453441069556,119.40542990349378,49.22045276353059,0.5491045072017755,0.4450451176211145,0.10405938958066102,118.725,125.07696819891264,112.37303180108735,32.0,32.8888888888889,3.5705811838419343,1.7094017094017033
2025-08-12,120.0,122.0,119.0,120.5,3416716,119.8,119.0,119.61666666666666,120.03845219366548,119.48650916990165,52.03586763991317,0.5519430237638261,0.4664246988496568,0.08551832491416927,119.0,125.15629758864836,112.84370241135164,39.130434782608695,34.821256038647356,3.529825384996082,2.1186440677966045
2025-08-13,122.0,124.5,120.0,121.5,3628126,119.6,119.325,119.58333333333333,120.26330570233233,119.63565663879783,53.87203107036541,0.6276490635345056,0.4986695717866266,0.12897949174787898,119.325,125.28549494589146,113.36450505410855,47.82608695652174,39.65217391304349,3.599123571782076,2.1008403361344463
2025-08-14,122.5,126.0,122.0,125.0,4767502,120.9,119.725,119.575,120.99202790197351,120.03301540629428,59.68869914526282,0.9590124956792323,0.5907381565651477,0.3682743391140846,119.725,126.06909173956348,113.38090826043651,78.26086956521739,55.07246376811596,3.6634718880833566,6.8376068376068355
2025-08-15,125.0,126.0,123.5,125.5,2953416,122.3,120.175,119.61666666666666,121.68556207090067,120.43797722805026,60.455846645519465,1.247584842850415,0.7221074938222012,0.5254773490282139,120.175,126.81032214741663,113.53967785258337,82.6086956521739,69.56521739130436,3.5803667532202597,5.462184873949583
2025-08-18,125.5,125.5,122.5,123.0,2118139,123.1,120.425,119.625,121.8877832907621,120.62775669263912,54.83660970057166,1.2600265981229768,0.8296913146823564,0.43033528344062044,120.425,127.09039571218376,113.75960428781623,60.869565217391305,73.91304347826087,3.5389119851330983,4.237288135593231
2025-08-19,122.5,123.0,119.5,119.5,2689937,122.9,120.7,119.58333333333333,121.52043201526024,120.54421915985104,48.09652361111532,0.9762128554092016,0.8589956228277255,0.1172172325814761,120.7,126.70333240792127,114.69666759207874,30.434782608695652,57.97101449275363,3.5361325576235916,-5.158730158730163
2025-08-20,118.0,121.5,117.5,119.5,4365039,122.5,120.8,119.58333333333333,121.20959632060482,120.46686959245467,48.09652361111532,0.7427267281501457,0.8357418438922095,-0.09301511574206378,120.8,126.65149553533092,114.94850446466907,30.434782608695652,40.579710144927546,3.5692659463647636,-3.629032258064513
2025-08-21,120.0,122.0,119.5,121.0,1475135,121.7,121.0,119.59166666666667,121.17735073281946,120.50636073375432,51.084868081841684,0.6709899990651422,0.8027914749267961,-0.13180147586165392,121.0,126.58569601750737,115.41430398249263,45.0,35.28985507246378,3.492889807338709,-3.200000000000003
2025-08-22,120.5,121.5,118.0,118.0,2563980,120.2,121.0,119.50833333333334,120.68852754315493,120.32070438310585,45.4488568035522,0.36782316004908466,0.7157978119512539,-0.34797465190216925,121.0,126.58569601750737,115.41430398249263,15.0,30.144927536231894,3.4933976782430873,-3.6734693877551017
2025-08-25,119.5,123.5,119.0,123.0,2626392,120.2,121.2,119.6,121.04413869036186,120.51917072509801,54.465650738620106,0.5249679652638548,0.6776318426137742,-0.15266387734991937,121.2,126.77135531087346,115.62864468912655,68.42105263157895,42.80701754385965,3.6367264155114385,3.797468354430378
2025-08-26,123.5,131.5,122.5,130.0,9590836,122.3,121.85,119.84166666666667,122.42196350722926,121.22145437509074,63.54940922599272,1.2005091321385208,0.7822073005187236,0.4183018316197973,121.85,128.2772855856884,115.42271441431159,90.0,57.80701754385965,4.0198173858320505,9.704641350210963
2025-08-27,133.5,134.0,128.5,129.0,7201956,124.2,122.35,120.03333333333333,123.43396912150169,121.79764293989884,61.65708277178841,1.636326181602854,0.9530310767355497,0.6832951048673044,122.35,129.3435684739622,115.35643152603778,70.58823529411765,76.33642930856554,4.125544715415476,8.403361344537807
2025-08-28,129.0,129.5,127.0,127.0,3420519,125.4,122.8,120.15833333333333,123.98258925665527,122.18300272212855,57.94100136935902,1.7995865345267248,1.1223421682937846,0.6772443662329402,122.8,129.77423830966495,115.82576169033504,58.8235294117647,73.13725490196079,4.009434378600085,5.394190871369298
2025-08-29,129.5,130.0,127.0,127.0,2296791,127.2,122.85,120.23333333333333,124.44680629409292,122.5398173353042,57.94100136935902,1.906988958788716,1.279271526392771,0.6277174323959451,122.85,129.92884171316172,115.77115828683827,57.57575757575758,62.32917409387999,3.9373319229857935,4.526748971193406
2025-09-01,126.5,127.0,121.5,122.0,3005631,127.0,122.75,120.23333333333333,124.07037455654016,122.4998308660224,49.322078545202295,1.5705436905177521,1.3375259592177673,0.23301773129998482,122.75,129.81753139363371,115.68246860636627,27.272727272727273,47.89067142008319,4.048951071343951,-2.400000000000002
2025-09-02,123.0,123.5,120.5,122.0,1702380,125.4,122.6,120.19166666666666,123.75185539399551,122.46280635742815,49.322078545202295,1.2890490365673628,1.3278305746876864,-0.03878153812032359,122.6,129.59714227381423,115.60285772618576,27.272727272727273,37.373737373737384,3.974025994819383,-2.7888446215139417
2025-09-03,122.0,124.5,122.0,123.0,1075152,124.2,122.625,120.15,123.63618533338082,122.50259847910014,51.01233685803291,1.1335868542806793,1.288981830606285,-0.15539497632560573,122.625,129.62410708590733,115.62589291409267,33.333333333333336,29.2929292929293,3.8687384237608557,0.0
2025-09-04,124.5,125.0,122.0,123.0,1692875,123.4,122.85,120.11666666666666,123.53831066670685,122.53944303620383,51.01233685803291,0.998867630503014,1.2309589905856309,-0.23209136008261688,122.85,129.58869423553244,116.11130576446755,33.333333333333336,31.313131313131322,3.806685679206509,2.9288702928870203
2025-09-05,124.0,124.0,121.5,122.0,1489730,122.4,123.025,120.125,123.30164748721349,122.49948429278133,49.112586816381906,0.8021631944321541,1.1451998313549356,-0.3430366369227815,123.025,129.47848742928957,116.57151257071044,27.272727272727273,31.31313131313132,3.7133509878346156,2.092050209205021
2025-09-08,123.0,123.5,121.5,122.5,1958507,122.5,123.2,120.14166666666667,123.17831710456525,122.49952249331605,50.112963672775706,0.6787946112492023,1.051918787333789,-0.3731241760845867,123.2,129.39193023216495,117.00806976783504,30.303030303030305,30.30303030303031,3.5909687744178576,1.2396694214876103
2025-09-09,122.5,123.0,118.5,119.0,4805984,121.9,123.125,120.09166666666667,122.53549908847829,122.24029860492227,43.64496224777148,0.295200483556016,0.9005751265782345,-0.6053746430222184,123.125,129.48011604929434,116.76988395070566,6.25,21.27525252525253,3.6558995762451536,0.8474576271186418
2025-09-10,118.5,120.0,118.0,119.0,2605435,121.1,123.0,120.08333333333333,121.99157615178932,122.00027648603914,43.64496224777148,-0.008700334249823527,0.7187200344126229,-0.7274203686624464,123.0,129.57267069006187,116.42732930993813,6.25,14.267676767676774,3.5376210350847854,-3.2520325203251987
2025-09-11,119.0,119.5,116.0,116.0,3207777,119.7,122.55,120.06666666666666,121.0697952053602,121.55581156114735,38.68189319335167,-0.4860163557871573,0.47777275637266686,-0.9637891121598241,122.55,129.718681887209,115.38131811279102,0.0,4.166666666666671,3.5349338182930152,-10.769230769230765
2025-09-12,116.5,118.0,116.5,117.5,1876553,118.8,122.15,120.05833333333334,120.52059594299709,121.25538107513644,42.2198271386514,-0.7347851321393506,0.2352611786702634,-0.970046310809614,122.15,129.50594997264108,114.79405002735895,8.333333333333334,4.861111111111116,3.425295688414943,-8.914728682170548
2025-09-15,117.5,117.5,116.0,116.5,1644322,117.6,121.825,120.04166666666667,119.90204272099754,120.90313062512634,40.54046954875141,-1.001087904128795,-0.012008637889548302,-0.9890792662392467,121.825,129.5662854229771,114.0837145770229,2.7777777777777777,3.703703703703708,3.2877745678138757,-8.267716535433067
2025-09-16,117.0,118.5,116.5,118.5,1813137,117.5,121.775,120.01666666666667,119.68634384084407,120.72512094919105,45.23253487445605,-1.0387771083469772,-0.2173623319810341,-0.8214147763659432,121.775,129.5882899600615,113.96171003993851,17.857142857142858,9.65608465608466,3.195790670112885,-6.69291338582677
2025-09-17,118.0,121.0,118.0,118.5,3283829,117.4,121.725,119.975,119.50382940379114,120.5602971751769,45.23253487445605,-1.0564677713857549,-0.3851834198619783,-0.6712843515237765,121.725,129.6083685693362,113.8416314306638,17.857142857142858,12.830687830687836,3.181805622247679,-2.868852459016391
2025-09-18,120.0,120.5,118.5,119.0,2092923,118.0,121.625,119.90833333333333,119.42631718782327,120.44471960664528,46.457574098550964,-1.0184024188220064,-0.5118272196539839,-0.5065751991680225,121.625,129.59290436689582,113.65709563310416,27.272727272727273,20.995670995671002,3.0973909349442734,-2.4590163934426257
2025-09-19,120.0,120.5,118.5,120.5,2780283,118.6,121.75,119.875,119.59149915892739,120.44881445059748,50.066091882275735,-0.8573152916700906,-0.5809248340572053,-0.2763904576128853,121.75,129.56344994224688,113.93655005775312,50.0,31.709956709956714,3.0190058681625396,-2.0325203252032575
2025-09-22,121.0,121.5,119.0,121.0,2802786,119.5,121.65,119.86666666666666,119.80819159601549,120.48964300981248,51.245618870733615,-0.6814514137969923,-0.6010301500051627,-0.08042126379182957,121.65,129.44807668595263,113.85192331404738,55.55555555555556,44.276094276094284,2.981934020436644,-1.6260162601625994
2025-09-23,122.5,123.0,119.5,121.0,3318293,120.0,121.2,119.9,119.99154673509003,120.52744723130786,51.245618870733615,-0.5359004962178346,-0.5880042192476971,0.05210372302986244,121.2,127.9926430790965,114.40735692090351,55.55555555555556,53.70370370370372,3.018938733262598,-0.8196721311475419
2025-09-24,121.0,121.0,119.0,120.5,1997408,120.4,120.775,120.025,120.06977031430695,120.52541410306283,49.87914695990484,-0.45564378875587863,-0.5615321331493335,0.10588834439345485,120.775,126.54972943089088,115.00027056910913,56.25,55.787037037037045,2.9461573951724125,-1.6326530612244872
2025-09-25,121.0,121.5,118.0,118.5,2610052,120.3,120.35,120.025,119.82826718902896,120.37538342876188,44.74006810050238,-0.5471162397329152,-0.5586489544660499,0.011532714733134664,120.35,125.44018663704946,115.25981336295052,33.333333333333336,48.37962962962964,2.9857175812315258,-0.42016806722688926
2025-09-26,118.5,118.5,115.0,115.0,2783140,119.2,119.75,120.00833333333334,119.08545685225528,119.97720687848322,37.46531322320827,-0.891750026227939,-0.6252691688184278,-0.2664808574095112,119.75,124.3706060208588,115.1293939791412,0.0,29.861111111111118,3.022452039714988,-3.361344537815125
2025-09-30,116.0,117.0,115.0,116.5,2318300,118.3,119.475,119.98333333333333,118.68769425960062,119.71963599859556,41.8307068314227,-1.031941738994945,-0.7066036828537312,-0.3253380561412138,119.475,124.18111304581566,114.76888695418432,18.75,17.361111111111118,2.9494197511639175,0.4310344827586299
2025-10-01,117.0,117.0,115.5,116.0,1074604,117.3,119.175,119.94166666666666,118.27420283504668,119.44410740610701,40.80809186125957,-1.1699045710603286,-0.7992638604950507,-0.3706407105652779,119.175,123.96326690985332,114.38673309014668,12.5,10.416666666666673,2.8458897689379237,-1.276595744680853
2025-10-02,116.0,117.0,115.0,115.5,1280930,116.3,118.8,119.89166666666667,117.84740239888565,119.15195130195093,39.76129562173338,-1.3045489030652817,-0.900320869009097,-0.4042280340561847,118.8,123.505316142407,114.094683857593,6.25,12.500000000000007,2.7854690711566437,-0.8583690987124415
2025-10-03,116.0,116.0,115.0,115.5,734798,115.7,118.425,119.88333333333334,117.48626356828785,118.88143639069531,39.76129562173338,-1.39517282240746,-0.9992912596887696,-0.39588156271869035,118.425,122.922499305169,113.927500694831,6.25,8.333333333333341,2.6579355660740265,-2.5316455696202556
2025-10-07,116.5,118.5,116.0,118.0,1788023,116.3,118.225,119.90833333333333,117.56529994239742,118.81614480619936,47.5614924157388,-1.2508448638019445,-1.0496019805114047,-0.20124288329053974,118.225,122.41397362130576,114.03602637869423,37.5,16.666666666666675,2.6823687399258818,-0.42194092827003704
2025-10-08,118.0,118.5,116.0,118.5,1061732,116.7,118.025,119.98333333333333,117.70909995125936,118.79272667240681,48.984307314690355,-1.0836267211474535,-1.0564069286386146,-0.02721979250883888,118.025,121.73276212829187,114.31723787170814,43.75,29.166666666666675,2.6693424013597475,-0.42016806722688926
2025-10-09,120.0,122.5,119.5,121.0,4286158,117.7,118.125,120.08333333333333,118.21539226645022,118.95622840037667,55.48760626796945,-0.7408361339264502,-0.9932927696961817,0.25245663576973154,118.125,122.0349232729039,114.2150767270961,75.0,52.08333333333334,2.7643893726911943,0.4149377593360981
2025-10-13,118.0,120.5,117.0,120.0,1868106,118.6,118.175,120.16666666666667,118.48994730238095,119.0335448151636,52.59922858659304,-0.5435975127826396,-0.9033537183134733,0.35975620553083376,118.175,122.15337906690596,114.19662093309404,62.5,60.41666666666668,2.852647274641823,-0.8264462809917328
2025-10-14,121.0,121.5,116.5,116.5,2952973,118.8,118.2,120.15833333333333,118.18380156355312,118.84587482885519,43.97174039186528,-0.6620732653020696,-0.8550976277111926,0.19302436240912302,118.2,122.12937654087713,114.27062345912287,18.75,52.08333333333334,3.0060296121674073,-3.7190082644628086
2025-10-15,117.5,118.0,116.5,117.5,1338644,118.7,118.2,120.175,118.07860132300648,118.74618039708814,46.663558290863314,-0.6675790740816581,-0.8175939169852857,0.15001484290362765,118.2,122.12937654087713,114.27062345912287,31.25,37.50000000000001,2.8984560684411638,-2.4896265560165998
2025-10-16,118.0,121.0,118.0,120.5,2866406,119.1,118.4,120.21666666666667,118.4511241963901,118.87609296026679,53.83001120192336,-0.42496876387669147,-0.7390688863635669,0.31410012248687547,118.4,122.3698866482553,114.43011335174471,73.33333333333333,41.11111111111112,2.941423492123938,1.6877637130801704
2025-10-17,120.0,120.5,118.0,118.5,1329853,118.6,118.4,120.29166666666667,118.45864355079162,118.84823422246924,49.094106074485154,-0.38959067167762385,-0.6691732434263784,0.27958257174875456,118.4,122.3698866482553,114.43011335174471,46.666666666666664,50.41666666666668,2.909893242686514,3.04347826086957
2025-10-20,116.0,117.0,115.5,116.5,2880149,117.9,118.3,120.275,118.15731377374675,118.67429094673078,44.845181756671465,-0.5169771729840278,-0.6387340293379083,0.12175685635388056,118.3,122.35462698654212,114.24537301345788,20.0,46.66666666666668,2.9163294396374773,0.0
2025-10-21,117.5,123.0,117.5,122.5,5901852,119.1,118.475,120.36666666666666,118.82541934701648,118.9576768025285,56.89722775507084,-0.1322574555120184,-0.5374387145727304,0.405181259060712,118.475,122.9188159277805,114.03118407221949,93.75,53.47222222222223,3.1723059082348004,5.603448275862077
2025-10-22,123.0,123.0,121.0,122.5,1544248,120.1,118.575,120.44166666666666,119.39073944747548,119.2200711134523,56.89722775507084,0.17066833402317627,-0.3958173048535491,0.5664856388767254,118.575,123.27898767005144,113.87101232994857,93.75,69.16666666666669,3.0885697719323146,6.060606060606055
2025-10-23,122.0,123.5,121.5,123.0,1767093,120.6,118.675,120.50833333333334,119.94601030171002,119.50006584578917,57.78867254983737,0.4459444559208521,-0.22746495269866887,0.6734094086195209,118.675,123.65772014064567,113.69227985935433,94.11764705882354,93.87254901960786,3.0108147882228637,6.493506493506485
2025-10-27,123.0,124.0,121.5,122.0,2039044,121.3,118.725,120.59166666666667,120.26200871683156,119.68524615350849,55.32422669423872,0.5767625633230722,-0.06661944949432066,0.6433820128173928,118.725,123.81886886364342,113.63113113635657,77.77777777777777,88.54847494553378,2.9743280176355165,3.3898305084745672
2025-10-28,123.0,124.0,122.0,123.5,2334376,122.7,118.875,120.66666666666667,120.7601612219344,119.96782051250786,58.20355911044524,0.79234070942654,0.10517258228985146,0.6871681271366885,118.875,124.33279259408015,113.41720740591985,94.11764705882354,88.67102396514163,2.9047331592329795,4.219409282700415
2025-10-29,124.5,127.0,123.0,124.5,3953123,123.1,119.175,120.775,121.33552103394449,120.30353751158135,60.05201068487201,1.0319835223631344,0.2905347703045081,0.7414487520586264,119.175,125.15224853088746,113.19775146911253,78.26086956521739,83.38543146727291,2.9829665050020524,2.892561983471076
2025-10-30,125.0,128.5,124.5,126.0,5832027,123.8,119.725,120.775,122.05313318256842,120.72549769590866,62.71562640423121,1.3276354866597586,0.4979549135755582,0.8296805730842004,119.725,126.07696819891258,113.37303180108741,80.76923076923077,84.38258246442392,3.055611754644763,5.000000000000004
2025-10-31,127.5,127.5,124.0,125.5,3318712,124.3,120.175,120.8,122.5834203852502,121.07916453324876,61.24959493189431,1.5042558520014353,0.6992151012607337,0.8050407507407016,120.175,126.81785330261003,113.53214669738996,76.92307692307692,78.65105908584171,3.087353772170137,7.725321888412018
2025-11-03,128.5,132.0,127.5,128.0,6588788,125.5,120.775,120.85,123.41674032598094,121.59181901226736,65.5818120927385,1.824921313713574,0.9243563437513018,0.9005649699622722,120.775,127.94769126618438,113.60230873381563,75.75757575757575,77.81662781662783,3.331114217015127,8.936170212765958
2025-11-04,128.0,129.0,125.5,126.5,3137973,126.1,121.325,120.91666666666667,123.89108796813773,121.95538797432164,61.16344453864452,1.9356999938160868,1.126625073764259,0.8090749200518279,121.325,128.48233889095647,114.16766110904354,66.66666666666667,73.11577311577314,3.3431774872283326,4.9792531120331995
2025-11-05,124.5,129.0,122.5,128.5,3536564,126.9,121.975,121.08333333333333,124.600151357655,122.44017405029781,64.58906499011906,2.159977307357181,1.3332955204828434,0.8266817868743377,121.975,129.25837147205868,114.69162852794129,78.78787878787878,73.73737373737374,3.568664809569166,8.438818565400851
2025-11-06,125.0,125.0,116.0,117.5,17050267,125.2,121.95,121.06666666666666,123.50782037955422,122.07423523175723,42.42438494700593,1.4335851477969896,1.3533534459456726,0.080231701851317,121.95,129.2909808608931,114.60901913910692,12.121212121212121,52.52525252525254,4.206617323171368,0.8583690987124415
2025-11-07,116.0,116.5,111.0,111.5,10063291,122.4,121.6,120.94166666666666,121.66046339808433,121.29095854792337,35.30718985890093,0.3695048501609648,1.1565837267887311,-0.7870788766277663,121.6,130.1358069331492,113.06419306685078,2.380952380952381,31.09668109668111,4.370430371516271,-8.979591836734691
2025-11-10,111.5,111.5,105.0,105.0,8825300,117.8,120.8,120.68333333333334,119.09731518299444,120.08422087770683,29.52792014764475,-0.9869056947123909,0.7278858424885067,-1.7147915372008975,120.8,131.9955348242055,109.60446517579452,0.0,4.834054834054848,4.522542487836537,-14.28571428571429
2025-11-11,104.5,106.0,103.0,103.0,5422627,113.1,119.95,120.375,116.62080515484145,118.81872303491373,28.008755170134066,-2.197917880072282,0.14272509797634902,-2.3406429780486313,119.95,133.5768118061415,106.32318819385851,0.0,0.7936507936508078,4.41378945299107,-16.260162601626014
2025-11-12,104.0,105.5,103.0,103.5,4977538,108.1,119.3,120.01666666666667,114.6022197464043,117.68400281010531,28.992318004095807,-3.0817830637010104,-0.5021765343591229,-2.5796065293418877,119.3,134.6538268845261,103.9461731154739,1.7241379310344827,0.5747126436781751,4.277090206348851,-15.163934426229508
2025-11-13,105.0,106.0,103.0,103.0,4464888,105.2,118.575,119.64166666666667,112.8172628623421,116.59629889824566,28.571933460460613,-3.779036035903559,-1.1575484346680103,-2.6214876012355486,118.575,135.490303721778,101.65969627822201,0.0,0.5747126436781751,4.1858694773239336,-16.599190283400812
2025-11-14,101.5,104.5,101.5,101.5,4047158,103.2,117.625,119.28333333333333,111.07614549890486,115.47805453541265,27.29335702895102,-4.401909036507789,-1.806420555035966,-2.595488481471823,117.625,136.06646143883384,99.18353856116616,0.0,0.5747126436781751,4.101164514657938,-18.473895582329313
2025-11-17,102.5,102.5,100.0,100.5,2611048,102.3,116.725,118.96666666666667,109.44904619138104,114.36856901427097,26.44377760629233,-4.919522822889931,-2.429041008606759,-2.490481814283172,116.725,136.6083473037111,96.8416526962889,1.5625,0.5208333333333476,3.9867956207538,-20.238095238095234
2025-11-18,101.0,102.0,97.6,98.2,5261929,101.34,115.80999999999999,118.61166666666666,107.71842370039934,113.17089723543609,24.550882065448747,-5.452473535036745,-3.033727513892756,-2.418746021143989,115.80999999999999,137.2721434157913,94.34785658420867,1.7441860465116523,1.102228682170565,4.016310219271386,-21.752988047808763
2025-11-19,98.9,100.5,96.0,96.0,5264384,99.84,114.48499999999999,118.195,105.91558928495328,111.89897892170008,22.864903485131464,-5.983389636746793,-3.6236599384635637,-2.359729698283229,114.48499999999999,137.3571905378561,91.61280946214389,0.0,1.102228682170565,4.05085948932343,-25.0
2025-11-20,97.9,98.8,96.6,98.2,2713000,98.88,113.27000000000001,117.865,104.72857554880663,110.88423974231489,28.176626678224096,-6.155664193508258,-4.130060789472503,-2.0256034040357553,113.27000000000001,136.8798369329395,89.66016306706052,6.111111111111119,2.618432385874271,3.9615123829431846,-22.371541501976278
2025-11-21,97.2,99.0,97.0,97.5,2395160,98.08,111.995,117.44,103.61648700283638,109.89281457621749,27.527089893449812,-6.27632757338111,-4.559314146254224,-1.7170134271268855,111.995,136.11399458932718,87.87600541067283,4.545454545454546,3.552188552188569,3.8214043555901003,-24.124513618677046
2025-11-24,98.4,99.1,97.0,97.0,3446151,97.38,110.745,116.89,102.59856592547693,108.93779127427545,27.04746906625185,-6.3392253487985215,-4.915296386763084,-1.4239289620354372,110.745,135.24858953296422,86.2414104670358,3.0303030303030303,4.562289562289579,3.6984469016193784,-17.446808510638302
2025-11-25,98.3,99.8,98.2,99.5,1907891,97.64000000000001,109.545,116.39833333333333,102.12186347540356,108.23869562432913,33.30477201309151,-6.1168321489255675,-5.155603539195582,-0.9612286097299858,109.545,133.78170563422333,85.30829436577669,12.068965517241379,6.548241030999666,3.6342721229322796,-10.76233183856502
2025-11-26,100.0,102.0,100.0,101.5,2232948,98.74000000000001,108.39500000000001,115.97333333333333,102.02619217149532,107.73953298548993,37.8941516788399,-5.713340813994606,-5.2671509941553865,-0.4461898198392191,108.39500000000001,131.85436699913262,84.93563300086741,26.829268292682926,13.97617894674246,3.553252685579974,-3.3333333333333326
2025-11-27,101.5,102.5,101.0,102.5,2024486,99.6,107.22,115.565,102.09908568357297,107.35141943100919,40.11309289730018,-5.252333747436225,-5.264187544811555,0.011853797375329655,107.22,129.35102799239093,85.08897200760906,41.935483870967744,26.944572560297363,3.406591779467119,-0.4854368932038833
2025-11-28,102.5,104.0,102.0,102.0,1735384,100.5,106.045,115.23166666666665,102.08384173225404,106.95501799167518,39.35594908575092,-4.871176259421134,-5.1855852877334705,0.31440902831233686,106.045,126.60899523438943,85.48100476561058,60.0,42.92158405455024,3.3061209380766106,-1.449275362318836
2025-12-01,102.0,103.0,101.5,101.5,956085,101.4,104.72,114.89,101.99401992729189,106.55094258488442,38.571891700682414,-4.556922657592537,-5.059852761705284,0.502930104112747,104.72,122.70839625981122,86.73160374018877,55.0,52.31182795698927,3.177112299642567,-1.4563106796116498
2025-12-02,102.5,103.0,101.5,102.0,1731149,101.9,103.495,114.53999999999999,101.99493993847776,106.21383572674483,39.86213074382779,-4.218895788267076,-4.891661367017643,0.6727655787505666,103.495,118.46783874220216,88.52216125779785,60.0,58.33333333333335,3.057318563953812,0.49261083743843415
2025-12-03,103.0,106.5,103.0,105.0,4322528,102.6,102.32000000000001,114.24,102.45725687101964,106.12392196920818,47.04861234402888,-3.6666650981885454,-4.646662113251824,0.9799970150632786,102.32000000000001,112.01878342886312,92.6212165711369,85.71428571428571,66.90476190476191,3.1603672379571113,4.477611940298498
2025-12-04,105.5,105.5,102.0,103.5,2781275,102.8,101.62,113.93166666666666,102.61767889086276,105.92955737889646,44.20423723104374,-3.311878488033699,-4.379705388208199,1.0678269001745004,101.62,108.42429276266014,94.81570723733986,71.42857142857143,72.3809523809524,3.184626720960175,5.397148676171071
2025-12-05,103.0,103.5,101.0,102.0,2175771,102.8,101.14500000000001,113.58999999999999,102.52265136919156,105.63847905453376,41.50217356908386,-3.1158276853421967,-4.126929847634999,1.0111021622928025,101.14500000000001,106.23439092622968,96.05560907377034,57.142857142857146,71.42857142857144,3.1357248123201624,6.25
2025-12-08,102.0,104.5,102.0,104.0,1636407,103.3,101.095,113.33999999999999,102.74993577393133,105.51711023567941,46.222336854029706,-2.767174461748084,-3.8549787704576164,1.0878043087095324,101.095,106.04978556549008,96.14021443450991,76.19047619047619,68.25396825396827,3.0903158971544364,5.906313645621175
2025-12-09,101.5,101.5,98.8,99.8,5795710,102.85999999999999,100.935,113.02,102.29609950101882,105.09362058859205,39.089234767410936,-2.79752108757323,-3.643487233880739,0.845966146307509,100.935,105.83980376773515,96.03019623226486,32.32323232323233,55.21885521885523,3.241007618786263,2.358974358974364
2025-12-10,99.8,100.5,98.2,99.0,2468083,101.66,100.71000000000001,112.73666666666666,101.78900727009284,104.64224128573338,37.88980642282678,-2.8532340156405382,-3.485436590232699,0.6322025745921609,100.71000000000001,105.53572274379587,95.88427725620414,21.05263157894737,43.18878003088531,3.1737927888729582,2.0618556701030855
2025-12-11,99.6,100.5,98.9,100.0,1914671,100.96,100.56,112.445,101.51377538238624,104.29837156086424,40.353555073200255,-2.7845961784779973,-3.345268507881759,0.5606723294037614,100.56,105.27694816592133,95.84305183407868,31.57894736842105,28.318270423533594,3.061379018239175,0.5025125628140614
2025-12-12,101.0,102.0,100.0,100.5,1703013,100.66,100.51,112.17833333333333,101.35780993894221,104.01701070450393,41.60092191576119,-2.659200765561721,-3.208054959417751,0.5488541938560303,100.51,105.20719064973827,95.81280935026174,27.71084337349395,26.780807440287465,2.985566231222091,-0.9852216748768461
2025-12-15,99.6,104.5,99.3,103.0,3650293,100.46,100.635,111.92,101.61045456372034,103.94167657824438,47.51148192189955,-2.3312220145240445,-3.03268837043901,0.7014663559149654,100.635,105.4559024051508,95.81409759484922,57.83132530120481,39.04037201437328,3.143740071849085,0.4878048780487809
2025-12-16,103.5,104.0,100.5,101.0,3380763,100.7,100.775,111.62833333333333,101.51653847699413,103.72377460948555,43.70092914731607,-2.207236132491417,-2.8675979228494914,0.6603617903580745,100.775,105.46578884623779,96.08421115376223,33.73493975903612,39.7590361445783,3.1691872095741505,-0.9803921568627416
2025-12-17,102.5,106.5,101.0,101.0,6100425,101.1,101.025,111.32833333333333,101.43707101899503,103.52201352730143,43.70092914731607,-2.0849425083063977,-2.7110668399408726,0.6261243316344749,101.025,105.17271021166968,96.87728978833033,33.73493975903612,41.76706827309236,3.3356738374617114,-0.49261083743842304
2025-12-18,100.5,101.0,99.3,99.5,3422002,101.0,101.09,110.97833333333332,101.13906009299579,103.22408659935317,40.85106954059105,-2.08502650635738,-2.5858587732241745,0.5008322668667944,101.09,105.09694397265409,97.08305602734592,15.66265060240961,27.71084337349396,3.2188399919287325,-2.450980392156865
2025-12-19,100.0,102.5,99.7,101.0,3417636,101.1,101.265,110.645,101.1176662325349,103.05933944384553,44.732462326196064,-1.9416732113106292,-2.4570216608414657,0.5153484495308365,101.265,104.91973665261794,97.61026334738206,33.73493975903612,27.71084337349396,3.2032085639338232,-3.809523809523807
2025-12-22,102.0,103.5,101.0,103.5,3090898,101.2,101.59,110.35333333333332,101.48417911983722,103.09198096652364,50.55601007229631,-1.6078018466864137,-2.2871776980104555,0.6793758513240418,101.59,104.79867573930262,98.38132426069738,63.85542168674698,37.75100401606425,3.152979380795693,0.0
2025-12-23,104.5,105.0,101.5,102.0,2776114,101.4,101.715,110.045,101.5635361783238,103.01109348752189,47.333306907862884,-1.4475573091980891,-2.1192536202479824,0.6716963110498932,101.715,104.77981647084933,98.65018352915068,45.78313253012046,47.79116465863453,3.177766567881715,0.0
2025-12-24,103.0,104.0,102.0,102.0,1971760,101.6,101.74,109.77,101.63068445858168,102.93619767363138,47.333306907862884,-1.3055132150497002,-1.9565055392083261,0.650992324158626,101.74,104.80555052151963,98.67444947848035,45.78313253012046,51.80722891566264,3.0936403844615925,-1.9230769230769273
2025-12-26,103.0,104.0,101.0,101.0,2149119,101.9,101.66499999999999,109.53666666666666,101.53365608033835,102.79277562373277,45.11000472641268,-1.2591195433944193,-1.817028340045545,0.5579087966511256,101.66499999999999,104.72589856087869,98.6041014391213,33.73493975903612,41.767068273092356,3.086951785571479,1.2024048096192397
2025-12-29,102.5,103.0,100.0,100.0,2992753,101.7,101.565,109.26166666666667,101.29770899105553,102.58590335530812,42.938012491474,-1.2881943642525897,-1.711261544886954,0.4230671806343642,101.565,104.70523884441761,98.42476115558239,21.686746987951782,33.73493975903613,3.080740943744945,1.0101010101010166
2025-12-30,101.5,101.5,99.4,99.4,3242041,100.88000000000001,101.46,108.985,101.00575376166238,102.34991051417418,41.642452209304444,-1.3441567525118074,-1.6378405864119248,0.2936838339001173,101.46,104.73926821104787,98.18073178895212,14.457831325301244,23.293172690763058,3.010688019191734,-0.5999999999999894
2025-12-31,100.0,101.0,98.6,99.0,3081842,100.28,101.30999999999999,108.71000000000001,100.69717625986816,102.10176899460572,40.75949848363615,-1.4045927347375624,-1.5911910160770524,0.18659828133948997,101.30999999999999,104.74738272527064,97.87261727472934,5.063291139240575,13.735956484164545,2.967067446392325,-1.4925373134328401
2026-01-02,99.6,101.0,99.1,100.0,2612007,99.88000000000001,101.05999999999999,108.45166666666667,100.58991837373459,101.9460824024127,43.95865082724051,-1.3561640286781085,-1.5441856185972638,0.1880215899191553,101.05999999999999,104.09077547832051,98.02922452167947,17.72151898734183,12.41421381729456,2.8979912002214445,-2.9126213592232997
2026-01-05,102.5,110.0,102.5,110.0,11920710,101.68,101.38499999999999,108.31833333333334,102.03762323931389,102.54266889112287,64.56596788291345,-0.5050456518089845,-1.336357625239608,0.8313119734306236,101.38499999999999,106.2385656995645,96.53143430043548,99.99999999999999,40.928270042194136,3.4052775430627698,8.910891089108919
2026-01-06,112.5,113.0,105.0,107.5,21904010,103.17999999999999,101.66,108.135,102.87798889480406,102.90987860289155,58.74971443693612,-0.031889708087490476,-1.0754640418091845,1.043574333721694,101.66,107.1969305576275,96.1230694423725,61.80555555555557,59.84235818096581,3.733472004272572,6.435643564356441
2026-01-07,107.5,107.5,103.0,105.5,9998750,104.4,101.73499999999999,107.87666666666668,103.28137521868035,103.1017394471218,54.51856156950464,0.17963577155855148,-0.8244440791356373,1.0040798506941888,101.73499999999999,107.4349210520839,96.03507894791608,47.916666666666686,69.90740740740743,3.7882240039673882,6.030150753768848
2026-01-08,105.0,105.0,102.0,102.5,6796752,105.1,101.86999999999999,107.58500000000001,103.16116364657569,103.0571661547424,48.836880943787214,0.1039974918332831,-0.6387557649418533,0.7427532567751364,101.86999999999999,107.50776551481074,96.23223448518924,27.08333333333336,45.60185185185188,3.767636575112575,1.4851485148514865
2026-01-09,103.0,104.5,101.5,103.5,4635548,105.8,102.095,107.36833333333334,103.21329231633327,103.08996866179852,50.6819054811907,0.12332365453474381,-0.48633988104653386,0.6096635355812776,102.095,107.61459237625293,96.57540762374707,34.02777777777781,36.34259259259263,3.7128053911759626,0.0
2026-01-12,105.0,112.5,104.0,111.0,18527417,106.0,102.64500000000001,107.26,104.41124734458968,103.6758969090727,61.806427566524555,0.7353504355169775,-0.24200181773383161,0.9773522532508092,102.64500000000001,109.29615779394759,95.99384220605243,86.11111111111111,49.074074074074105,4.090462148949109,8.823529411764696
2026-01-13,112.5,113.0,106.5,107.0,13282356,105.9,102.97,107.03500000000001,104.80951698388358,103.92212676765992,54.717439407655235,0.8873902162236647,-0.016123410942332373,0.903513627165997,102.97,109.80289104259607,96.13710895740392,58.33333333333335,59.49074074074077,4.262571995452744,4.90196078431373
2026-01-14,108.0,109.0,107.0,107.0,6463529,106.2,103.17,106.84333333333333,105.14651437097842,104.15011737746289,54.717439407655235,0.9963969935155319,0.1863806699492405,0.8100163235662914,103.17,110.22523918800701,96.114760811993,58.33333333333335,67.59259259259262,4.100959710063262,5.940594059405946
2026-01-15,108.0,109.0,107.0,108.5,4596505,107.4,103.545,106.71000000000001,105.66243523698174,104.47233090505823,56.868939552095824,1.1901043319235072,0.3871254023440938,0.8029789295794134,103.545,110.8903318509098,96.1996681490902,68.75000000000001,61.80555555555558,3.9508911593444576,8.499999999999996
2026-01-16,111.0,111.0,107.0,108.0,4897697,108.3,103.89500000000001,106.46833333333333,106.02206058513839,104.73363972690576,55.91525631014734,1.2884208582326266,0.5673844935218004,0.7210363647108262,103.89500000000001,111.38752293957052,96.4024770604295,65.27777777777779,64.1203703703704,3.9543989336769965,8.651911468812878
2026-01-19,118.0,118.5,117.0,118.5,12079831,109.8,104.845,106.40166666666667,107.94174357204018,105.75337011750534,68.03731240692727,2.1883734545348403,0.8915822857244085,1.2967911688104319,104.845,114.40145854906464,95.28854145093536,100.0,78.00925925925928,4.421941866985782,19.696969696969703
2026-01-20,124.5,130.0,124.0,130.0,40623032,114.4,106.295,106.51833333333335,111.335321484034,107.5494167754679,75.86493212383775,3.7859047085660933,1.4704467702927455,2.315457938273348,106.295,120.66559149791655,91.92440850208345,100.0,88.42592592592594,4.92751744791537,30.000000000000004
2026-01-21,134.0,137.0,128.0,128.5,35449984,118.7,107.545,106.62666666666668,113.97604125572107,109.10131182913695,73.34193421897609,4.874729426584125,2.1513033015510215,2.7234261250331033,107.545,124.78779269723996,90.30220730276004,77.57255936675462,92.52418645558488,5.218409058778557,16.81818181818182
2026-01-22,141.0,141.0,138.0,141.0,22104577,125.2,109.495,106.91833333333334,118.13357337022552,111.46417761957125,79.46940000722876,6.6693957506542745,3.054921791371672,3.6144739592826025,109.495,131.85124968549047,87.13875031450954,100.0,92.52418645558488,5.738522697437232,31.162790697674424
2026-01-23,151.5,155.0,147.5,155.0,66634455,134.6,112.14500000000001,107.42666666666668,123.80533131326774,114.68905335145486,83.92580135505533,9.116277961812884,4.267193025459915,4.849084936352969,112.14500000000001,141.71893954142726,82.57106045857276,100.0,92.52418645558488,6.328628219048858,46.91943127962086
2026-01-26,157.0,166.0,152.5,157.5,63600165,142.4,114.97,107.95166666666667,128.98912649584193,117.86023458468043,84.56989383120118,11.128891911161503,5.6395328026002325,5.4893591085612705,114.97,150.03092411788364,79.90907588211635,86.82170542635659,95.60723514211888,6.840869060545368,53.65853658536586
2026-01-27,157.5,165.0,152.0,160.0,37338917,148.4,117.97,108.52666666666667,133.76003011186626,120.98169868951891,85.20819374830967,12.77833142234735,7.0672925265496565,5.711038895797693,117.97,157.3906595581555,78.5493404418445,90.69767441860465,92.50645994832041,7.280806984792128,54.589371980676326
2026-01-28,162.0,173.5,159.5,167.0,39156265,156.1,121.35,109.17666666666668,138.8738716331176,124.39046174955455,86.84866434505723,14.483409883563056,8.550515997952337,5.932893885610719,121.35,165.16905977996328,77.5309402200367,90.97222222222223,89.49720068906117,7.760749343021262,50.45045045045045
2026-01-29,171.5,183.5,171.0,176.5,54548634,163.2,125.225,110.01,144.6625067664841,128.25042754588384,88.68303633816417,16.412079220600276,10.122828642481926,6.2892505781183505,125.225,173.89169805935057,76.5583019406494,91.19496855345912,90.95495506476202,8.384981532805458,64.95327102803739
2026-01-30,176.5,192.0,175.0,185.0,57983113,169.2,129.475,110.95166666666667,150.8682749562558,132.45409957952208,90.02382849095463,18.41417537673371,11.781097989332283,6.633077387401427,129.475,183.17367316796572,75.77632683203427,91.81286549707602,91.32668542425246,9.000339994747925,72.89719626168225
